{"cameraMode":{"drawMode":0,"name":"Shaded","section":"Shading Mode"},"sceneLighting":false,"audioPlay":false,"sceneViewState":{"m_AlwaysRefresh":false,"showFog":true,"showSkybox":false,"showFlares":true,"showImageEffects":true,"showParticleSystems":true,"showVisualEffectGraphs":true,"m_FxEnabled":true},"in2DMode":false,"pivot":{"x":0.3904268741607666,"y":-11.656444549560547,"z":13.740492820739746},"rotation":{"x":0.2834320664405823,"y":0.20370247960090638,"z":-0.061744723469018939,"w":0.9350722432136536},"size":17.361406326293947,"orthographic":false}