{"cameraMode":{"drawMode":0,"name":"Shaded","section":"Shading Mode"},"sceneLighting":false,"audioPlay":false,"sceneViewState":{"m_AlwaysRefresh":false,"showFog":true,"showSkybox":false,"showFlares":true,"showImageEffects":true,"showParticleSystems":true,"showVisualEffectGraphs":true,"m_FxEnabled":true},"in2DMode":false,"pivot":{"x":-3.5265326499938967,"y":-10.633270263671875,"z":10.295719146728516},"rotation":{"x":0.34974899888038638,"y":0.005616634152829647,"z":-0.0020967640448361637,"w":0.9368247985839844},"size":18.03154945373535,"orthographic":false}