{"cameraMode":{"drawMode":0,"name":"Shaded","section":"Shading Mode"},"sceneLighting":false,"audioPlay":false,"sceneViewState":{"m_AlwaysRefresh":false,"showFog":true,"showSkybox":false,"showFlares":true,"showImageEffects":true,"showParticleSystems":true,"showVisualEffectGraphs":true,"m_FxEnabled":true},"in2DMode":false,"pivot":{"x":1.335270643234253,"y":-11.520041465759278,"z":11.365808486938477},"rotation":{"x":-0.013283155858516693,"y":0.9470515251159668,"z":-0.31837892532348635,"w":-0.039515454322099689},"size":14.255257606506348,"orthographic":true}